{"cameraMode":{"drawMode":0,"name":"Shaded","section":"Shading Mode"},"sceneLighting":false,"audioPlay":false,"sceneViewState":{"m_AlwaysRefresh":false,"showFog":true,"showSkybox":false,"showFlares":true,"showImageEffects":true,"showParticleSystems":true,"showVisualEffectGraphs":true,"m_FxEnabled":true},"in2DMode":false,"pivot":{"x":-0.24213716387748719,"y":55.875247955322269,"z":-12.619635581970215},"rotation":{"x":-0.502712607383728,"y":-0.014786354266107083,"z":0.008563023991882801,"w":-0.8643027544021606},"size":0.7071201205253601,"orthographic":false}